Column,Missing_Count,Missing_Percentage
url,0,0.0
price,0,0.0
description,1,0.0052314935914203504
location,0,0.0
type,0,0.0
size,0,0.0
bedrooms,432,2.2600052314935914
bathrooms,150,0.7847240387130525
available_from,533,2.7883860842270467
payment_method,1,0.0052314935914203504
down_payment,13733,71.84410149097567
size_sqm,0,0.0
